<?xml version = '1.0' encoding = 'UTF-8'?>
<Table class="oracle.dbtools.crest.model.design.relational.Table" directorySegmentName="seg_0" id="009FA774-D15B-FBCE-BD08-224C822E4223" name="T_USUARIO">
<createdBy>filipesimoes</createdBy>
<createdTime>2023-05-25 00:56:52 UTC</createdTime>
<generatorID>4329D673-6E36-0398-FE86-DA0D16A07607</generatorID>
<ownerDesignName>Banco_dados_Fintech</ownerDesignName>
<allowColumnReorder>false</allowColumnReorder>
<existDependencyGenerateInDDl>true</existDependencyGenerateInDDl>
<parsed>true</parsed>
<columns itemClass="oracle.dbtools.crest.model.design.relational.Column">
<Column name="cd_usuario" id="FB0C0B5E-5782-48A8-D714-E5AC0403DCB8">
<createdBy>filipesimoes</createdBy>
<createdTime>2023-05-25 00:56:52 UTC</createdTime>
<generatorID>E76E47C9-FFF7-C13C-46E0-6669CA152AAE</generatorID>
<ownerDesignName>Banco_dados_Fintech</ownerDesignName>
<useDomainConstraints>false</useDomainConstraints>
<use>1</use>
<logicalDatatype>LOGDT019</logicalDatatype>
<ownDataTypeParameters>,,</ownDataTypeParameters>
<autoIncrementCycle>false</autoIncrementCycle>
</Column>
<Column name="cd_carteira" id="8192359E-192F-CF7E-093A-3A3853993C38">
<createdBy>filipesimoes</createdBy>
<createdTime>2023-05-25 00:56:52 UTC</createdTime>
<generatorID>2B9C5AD4-0522-D64A-E89C-A49A834C7CDA</generatorID>
<ownerDesignName>Banco_dados_Fintech</ownerDesignName>
<useDomainConstraints>false</useDomainConstraints>
<use>1</use>
<logicalDatatype>LOGDT019</logicalDatatype>
<ownDataTypeParameters>,,</ownDataTypeParameters>
<previousColumn>false</previousColumn>
<autoIncrementCycle>false</autoIncrementCycle>
<associations>
<colAssociation fkAssociation="77AEC8D8-4E33-877D-9634-1FB73F9FAE94" referredColumn="43A265CF-7B93-2337-080C-E87C89CA6D51"/>
</associations>
</Column>
<Column name="nm_usuario" id="B14EFDF8-4516-DFA3-929F-F8C28D548647">
<createdBy>filipesimoes</createdBy>
<createdTime>2023-05-25 00:56:52 UTC</createdTime>
<generatorID>B87E1202-0599-BF34-2691-42F99AB0B20A</generatorID>
<ownerDesignName>Banco_dados_Fintech</ownerDesignName>
<useDomainConstraints>false</useDomainConstraints>
<use>1</use>
<logicalDatatype>LOGDT024</logicalDatatype>
<dataTypeSize>100</dataTypeSize>
<ownDataTypeParameters>100,,</ownDataTypeParameters>
<autoIncrementCycle>false</autoIncrementCycle>
</Column>
<Column name="dt_nascimento" id="DAC0FA4E-5768-C2C6-D5EB-3A88459F9F37">
<createdBy>filipesimoes</createdBy>
<createdTime>2023-05-25 00:56:52 UTC</createdTime>
<generatorID>55FB0C50-ABD4-D7DA-1588-D9EDC0BA0F5D</generatorID>
<ownerDesignName>Banco_dados_Fintech</ownerDesignName>
<useDomainConstraints>false</useDomainConstraints>
<use>1</use>
<logicalDatatype>LOGDT007</logicalDatatype>
<ownDataTypeParameters>,,</ownDataTypeParameters>
<autoIncrementCycle>false</autoIncrementCycle>
</Column>
<Column name="ds_email" id="23AAF936-5E08-960C-304E-2266F2387596">
<createdBy>filipesimoes</createdBy>
<createdTime>2023-05-25 00:56:52 UTC</createdTime>
<generatorID>A5350136-B6EB-24FC-1B15-7C7CD98B920A</generatorID>
<ownerDesignName>Banco_dados_Fintech</ownerDesignName>
<useDomainConstraints>false</useDomainConstraints>
<use>1</use>
<logicalDatatype>LOGDT024</logicalDatatype>
<dataTypeSize>100</dataTypeSize>
<ownDataTypeParameters>100,,</ownDataTypeParameters>
<autoIncrementCycle>false</autoIncrementCycle>
</Column>
<Column name="ds_senha" id="7244D83D-77A4-5323-C186-DDF503ED63CC">
<createdBy>filipesimoes</createdBy>
<createdTime>2023-05-25 00:56:52 UTC</createdTime>
<generatorID>347E0B05-FA9D-FB6F-44D7-07A4881E4BF3</generatorID>
<ownerDesignName>Banco_dados_Fintech</ownerDesignName>
<useDomainConstraints>false</useDomainConstraints>
<use>1</use>
<logicalDatatype>LOGDT024</logicalDatatype>
<dataTypeSize>50</dataTypeSize>
<ownDataTypeParameters>50,,</ownDataTypeParameters>
<autoIncrementCycle>false</autoIncrementCycle>
</Column>
<Column name="ds_sexo" id="31A7D5F8-D635-2E31-E801-80F08152F050">
<createdBy>filipesimoes</createdBy>
<createdTime>2023-05-25 00:56:52 UTC</createdTime>
<generatorID>F8E62843-AF2E-FCD1-5B14-5EE8BD8E6D22</generatorID>
<ownerDesignName>Banco_dados_Fintech</ownerDesignName>
<useDomainConstraints>false</useDomainConstraints>
<use>1</use>
<logicalDatatype>LOGDT024</logicalDatatype>
<dataTypeSize>10</dataTypeSize>
<ownDataTypeParameters>10,,</ownDataTypeParameters>
<autoIncrementCycle>false</autoIncrementCycle>
</Column>
<Column name="nr_telefone" id="FF24F54A-5A61-C3F8-D093-7CDAB18271CB">
<createdBy>filipesimoes</createdBy>
<createdTime>2023-05-25 00:56:52 UTC</createdTime>
<generatorID>9A20B612-560B-662D-4C8F-4A4C6E573300</generatorID>
<ownerDesignName>Banco_dados_Fintech</ownerDesignName>
<useDomainConstraints>false</useDomainConstraints>
<use>1</use>
<logicalDatatype>LOGDT024</logicalDatatype>
<dataTypeSize>20</dataTypeSize>
<ownDataTypeParameters>20,,</ownDataTypeParameters>
<autoIncrementCycle>false</autoIncrementCycle>
</Column>
<Column name="cd_facebook" id="8AF84B36-0903-87CC-E4CD-4A9384CE7822">
<createdBy>filipesimoes</createdBy>
<createdTime>2023-05-25 00:56:52 UTC</createdTime>
<generatorID>E3E6762E-B82F-44F6-EC80-DF30A4C9A09B</generatorID>
<ownerDesignName>Banco_dados_Fintech</ownerDesignName>
<nullsAllowed>true</nullsAllowed>
<useDomainConstraints>false</useDomainConstraints>
<use>1</use>
<logicalDatatype>LOGDT024</logicalDatatype>
<dataTypeSize>100</dataTypeSize>
<ownDataTypeParameters>100,,</ownDataTypeParameters>
<autoIncrementCycle>false</autoIncrementCycle>
</Column>
<Column name="cd_google" id="C8412281-EB3E-5FFA-F380-C4D86F0A0036">
<createdBy>filipesimoes</createdBy>
<createdTime>2023-05-25 00:56:52 UTC</createdTime>
<generatorID>DAD2F7A8-0D32-2FF6-C057-55D578F85243</generatorID>
<ownerDesignName>Banco_dados_Fintech</ownerDesignName>
<nullsAllowed>true</nullsAllowed>
<useDomainConstraints>false</useDomainConstraints>
<use>1</use>
<logicalDatatype>LOGDT024</logicalDatatype>
<dataTypeSize>100</dataTypeSize>
<ownDataTypeParameters>100,,</ownDataTypeParameters>
<autoIncrementCycle>false</autoIncrementCycle>
</Column>
<Column name="cd_apple" id="038BC354-7D60-5BC4-7CFD-58C039C5E4FF">
<createdBy>filipesimoes</createdBy>
<createdTime>2023-05-25 00:56:52 UTC</createdTime>
<generatorID>953A0ABF-CD5A-AFF3-816F-C0BD307ABBD8</generatorID>
<ownerDesignName>Banco_dados_Fintech</ownerDesignName>
<nullsAllowed>true</nullsAllowed>
<useDomainConstraints>false</useDomainConstraints>
<use>1</use>
<logicalDatatype>LOGDT024</logicalDatatype>
<dataTypeSize>100</dataTypeSize>
<ownDataTypeParameters>100,,</ownDataTypeParameters>
<autoIncrementCycle>false</autoIncrementCycle>
</Column>
</columns>
<indexes itemClass="oracle.dbtools.crest.model.design.relational.Index">
<ind_PK_UK id="EFF187F6-33D8-ABC9-EF35-54F4E0AB3E3C" name="T_USUARIO_PK">
<createdBy>filipesimoes</createdBy>
<createdTime>2023-05-25 00:56:52 UTC</createdTime>
<generatorID>30BB692C-9548-5393-CA3C-18C8BA845BAA</generatorID>
<ownerDesignName>Banco_dados_Fintech</ownerDesignName>
<pk>true</pk>
<indexState>Primary Constraint</indexState>
<isSurrogateKey>false</isSurrogateKey>
<indexColumnUsage>
<colUsage columnID="FB0C0B5E-5782-48A8-D714-E5AC0403DCB8"/>
</indexColumnUsage>
</ind_PK_UK>
<ind_PK_UK id="A2FDC871-6912-0254-1E4D-D7C6C3BE9545" name="T_USUARIO__IDX">
<createdBy>filipesimoes</createdBy>
<createdTime>2023-05-25 00:56:52 UTC</createdTime>
<ownerDesignName>Banco_dados_Fintech</ownerDesignName>
<indexState>Unique Plain Index</indexState>
<isSurrogateKey>false</isSurrogateKey>
<relationGeneratorID>75319280-B1C1-D90C-FE83-B0204E3453B3</relationGeneratorID>
<indexColumnUsage>
<colUsage columnID="8192359E-192F-CF7E-093A-3A3853993C38"/>
</indexColumnUsage>
</ind_PK_UK>
<ind_PK_UK id="0F6F10CE-26A4-58FA-0CAC-7CC0A7704D04" name="T_USU_CART_FK">
<createdBy>filipesimoes</createdBy>
<createdTime>2023-05-25 00:56:52 UTC</createdTime>
<generatorID>75319280-B1C1-D90C-FE83-B0204E3453B3</generatorID>
<ownerDesignName>Banco_dados_Fintech</ownerDesignName>
<indexState>Foreign Key</indexState>
<isSurrogateKey>false</isSurrogateKey>
<indexColumnUsage>
<colUsage columnID="8192359E-192F-CF7E-093A-3A3853993C38"/>
</indexColumnUsage>
</ind_PK_UK>
</indexes>
</Table>