<?xml version = '1.0' encoding = 'UTF-8'?>
<Table class="oracle.dbtools.crest.model.design.relational.Table" directorySegmentName="seg_0" id="0959777D-3DBC-8D0C-443A-3BE8AE7382D3" name="T_TIPO_INVESTIMENTO">
<createdBy>filipesimoes</createdBy>
<createdTime>2023-05-25 00:56:52 UTC</createdTime>
<generatorID>0B96296E-DC34-1C30-DDCA-9B25FE021CB1</generatorID>
<ownerDesignName>Banco_dados_Fintech</ownerDesignName>
<allowColumnReorder>false</allowColumnReorder>
<existDependencyGenerateInDDl>true</existDependencyGenerateInDDl>
<parsed>true</parsed>
<columns itemClass="oracle.dbtools.crest.model.design.relational.Column">
<Column name="cd_tipo_investimento" id="3D181C6B-9223-2D1E-6F9B-77C936B5733A">
<createdBy>filipesimoes</createdBy>
<createdTime>2023-05-25 00:56:52 UTC</createdTime>
<generatorID>4F800BE4-7259-EEEB-0488-892C2DD63DA5</generatorID>
<ownerDesignName>Banco_dados_Fintech</ownerDesignName>
<useDomainConstraints>false</useDomainConstraints>
<use>1</use>
<logicalDatatype>LOGDT019</logicalDatatype>
<ownDataTypeParameters>,,</ownDataTypeParameters>
<autoIncrementCycle>false</autoIncrementCycle>
</Column>
<Column name="ds_tipo_investimento" id="786DEC10-CFAD-E238-247D-755AA0068D91">
<createdBy>filipesimoes</createdBy>
<createdTime>2023-05-25 00:56:52 UTC</createdTime>
<generatorID>7F311222-0513-E972-1659-0EB0A8D90EA4</generatorID>
<ownerDesignName>Banco_dados_Fintech</ownerDesignName>
<useDomainConstraints>false</useDomainConstraints>
<use>1</use>
<logicalDatatype>LOGDT024</logicalDatatype>
<dataTypeSize>100</dataTypeSize>
<ownDataTypeParameters>100,,</ownDataTypeParameters>
<autoIncrementCycle>false</autoIncrementCycle>
</Column>
<Column name="vl_investido" id="FC380642-7074-5641-DE62-4B0F58467620">
<createdBy>filipesimoes</createdBy>
<createdTime>2023-05-25 00:56:52 UTC</createdTime>
<generatorID>7FED7EB4-55C5-26C6-13D2-CA5D323604C0</generatorID>
<ownerDesignName>Banco_dados_Fintech</ownerDesignName>
<useDomainConstraints>false</useDomainConstraints>
<use>1</use>
<logicalDatatype>LOGDT043</logicalDatatype>
<ownDataTypeParameters>,,</ownDataTypeParameters>
<autoIncrementCycle>false</autoIncrementCycle>
</Column>
</columns>
<indexes itemClass="oracle.dbtools.crest.model.design.relational.Index">
<ind_PK_UK id="BBEE5E2B-8E7D-1AA5-1F59-C00A7924C068" name="T_TIPO_INVESTIMENTO_PK">
<createdBy>filipesimoes</createdBy>
<createdTime>2023-05-25 00:56:52 UTC</createdTime>
<generatorID>3A1ECE9F-305C-AF3F-0475-4AFAC4D1E072</generatorID>
<ownerDesignName>Banco_dados_Fintech</ownerDesignName>
<pk>true</pk>
<indexState>Primary Constraint</indexState>
<isSurrogateKey>false</isSurrogateKey>
<indexColumnUsage>
<colUsage columnID="3D181C6B-9223-2D1E-6F9B-77C936B5733A"/>
</indexColumnUsage>
</ind_PK_UK>
</indexes>
</Table>