<?xml version = '1.0' encoding = 'UTF-8'?>
<Table class="oracle.dbtools.crest.model.design.relational.Table" directorySegmentName="seg_0" id="2C541C6F-91B7-DB32-DEFC-7780EC424B76" name="T_RELATORIO_SUPORTE">
<createdBy>filipesimoes</createdBy>
<createdTime>2023-05-25 00:56:52 UTC</createdTime>
<generatorID>389C81A5-B71A-3BB0-D91A-3C9EAD38C00C</generatorID>
<ownerDesignName>Banco_dados_Fintech</ownerDesignName>
<allowColumnReorder>false</allowColumnReorder>
<existDependencyGenerateInDDl>true</existDependencyGenerateInDDl>
<parsed>true</parsed>
<columns itemClass="oracle.dbtools.crest.model.design.relational.Column">
<Column name="cd_sup" id="41117A5E-583D-34C2-1221-C160A2596570">
<createdBy>filipesimoes</createdBy>
<createdTime>2023-05-25 00:56:52 UTC</createdTime>
<generatorID>E198D54A-EED5-239F-F78A-BFF7BB0BDB01</generatorID>
<ownerDesignName>Banco_dados_Fintech</ownerDesignName>
<useDomainConstraints>false</useDomainConstraints>
<use>1</use>
<logicalDatatype>LOGDT019</logicalDatatype>
<ownDataTypeParameters>,,</ownDataTypeParameters>
<previousColumn>false</previousColumn>
<autoIncrementCycle>false</autoIncrementCycle>
<associations>
<colAssociation fkAssociation="BF91ACF1-99E0-3952-7546-4292956774B2" referredColumn="ACF61E29-D273-F4DE-4306-A591E2F97445"/>
</associations>
</Column>
<Column name="cd_carteira" id="1499D380-3A3D-D43E-A7CD-73B4B3AA6F4F">
<createdBy>filipesimoes</createdBy>
<createdTime>2023-05-25 00:56:52 UTC</createdTime>
<generatorID>0A783E24-AF69-26CB-F87F-F13C72E7A50B</generatorID>
<ownerDesignName>Banco_dados_Fintech</ownerDesignName>
<useDomainConstraints>false</useDomainConstraints>
<use>1</use>
<logicalDatatype>LOGDT019</logicalDatatype>
<ownDataTypeParameters>,,</ownDataTypeParameters>
<previousColumn>false</previousColumn>
<autoIncrementCycle>false</autoIncrementCycle>
<associations>
<colAssociation fkAssociation="8058F162-B3CC-F37A-59F6-177091ED6F9C" referredColumn="43A265CF-7B93-2337-080C-E87C89CA6D51"/>
</associations>
</Column>
</columns>
<indexes itemClass="oracle.dbtools.crest.model.design.relational.Index">
<ind_PK_UK id="3AA93B67-EA6A-5D2C-B1AA-2C5EC0CC80C3" name="T_RELATORIO_SUPORTE_PK">
<createdBy>filipesimoes</createdBy>
<createdTime>2023-05-25 00:56:52 UTC</createdTime>
<generatorID>9A53E004-4D83-9E02-231F-85D5B19F6FFC</generatorID>
<ownerDesignName>Banco_dados_Fintech</ownerDesignName>
<pk>true</pk>
<indexState>Primary Constraint</indexState>
<isSurrogateKey>false</isSurrogateKey>
<indexColumnUsage>
<colUsage columnID="1499D380-3A3D-D43E-A7CD-73B4B3AA6F4F"/>
<colUsage columnID="41117A5E-583D-34C2-1221-C160A2596570"/>
</indexColumnUsage>
</ind_PK_UK>
<ind_PK_UK id="4CFD4C71-DD68-DA7D-BC48-77B885506660" name="T_RELAT_SUPORTE_FK">
<createdBy>filipesimoes</createdBy>
<createdTime>2023-05-25 00:56:52 UTC</createdTime>
<generatorID>DED7AB58-1DDF-93CA-AE65-869C7088BD04</generatorID>
<ownerDesignName>Banco_dados_Fintech</ownerDesignName>
<indexState>Foreign Key</indexState>
<isSurrogateKey>false</isSurrogateKey>
<indexColumnUsage>
<colUsage columnID="41117A5E-583D-34C2-1221-C160A2596570"/>
</indexColumnUsage>
</ind_PK_UK>
<ind_PK_UK id="5A26908E-3B5A-4A26-C096-676505ABD838" name="T_RELAT_CARTEIRA_FK">
<createdBy>filipesimoes</createdBy>
<createdTime>2023-05-25 00:56:52 UTC</createdTime>
<generatorID>0D9EDEA2-6F42-058B-0861-D5A8758DB1FA</generatorID>
<ownerDesignName>Banco_dados_Fintech</ownerDesignName>
<indexState>Foreign Key</indexState>
<isSurrogateKey>false</isSurrogateKey>
<indexColumnUsage>
<colUsage columnID="1499D380-3A3D-D43E-A7CD-73B4B3AA6F4F"/>
</indexColumnUsage>
</ind_PK_UK>
</indexes>
</Table>