<?xml version = '1.0' encoding = 'UTF-8'?>
<Table class="oracle.dbtools.crest.model.design.relational.Table" directorySegmentName="seg_0" id="359D4340-3DBA-BAC3-BE5A-46F63BCECB1C" name="T_CARTEIRA">
<createdBy>filipesimoes</createdBy>
<createdTime>2023-05-25 00:56:52 UTC</createdTime>
<generatorID>955E2BB4-76EA-AFA2-6077-6A4E58CE5668</generatorID>
<ownerDesignName>Banco_dados_Fintech</ownerDesignName>
<allowColumnReorder>false</allowColumnReorder>
<existDependencyGenerateInDDl>true</existDependencyGenerateInDDl>
<parsed>true</parsed>
<columns itemClass="oracle.dbtools.crest.model.design.relational.Column">
<Column name="cd_carteira" id="43A265CF-7B93-2337-080C-E87C89CA6D51">
<createdBy>filipesimoes</createdBy>
<createdTime>2023-05-25 00:56:52 UTC</createdTime>
<generatorID>142FB7FC-925E-C3A7-11C9-744C0755A5EE</generatorID>
<ownerDesignName>Banco_dados_Fintech</ownerDesignName>
<useDomainConstraints>false</useDomainConstraints>
<use>1</use>
<logicalDatatype>LOGDT019</logicalDatatype>
<ownDataTypeParameters>,,</ownDataTypeParameters>
<autoIncrementCycle>false</autoIncrementCycle>
</Column>
<Column name="vl_saldo" id="DC37F3F0-8687-29E5-9FAD-ECD0567825EC">
<createdBy>filipesimoes</createdBy>
<createdTime>2023-05-25 00:56:52 UTC</createdTime>
<generatorID>DD21F230-27AD-CB15-F1B9-BEC944476AAC</generatorID>
<ownerDesignName>Banco_dados_Fintech</ownerDesignName>
<useDomainConstraints>false</useDomainConstraints>
<use>1</use>
<logicalDatatype>LOGDT043</logicalDatatype>
<ownDataTypeParameters>,,</ownDataTypeParameters>
<autoIncrementCycle>false</autoIncrementCycle>
</Column>
<Column name="cd_usuario" id="E69D9819-EEF3-3FD7-813B-D403D4F93453">
<createdBy>filipesimoes</createdBy>
<createdTime>2023-05-25 00:56:52 UTC</createdTime>
<generatorID>41778BDE-8936-FD06-283C-5EC05D7F38C2</generatorID>
<ownerDesignName>Banco_dados_Fintech</ownerDesignName>
<useDomainConstraints>false</useDomainConstraints>
<use>1</use>
<logicalDatatype>LOGDT019</logicalDatatype>
<ownDataTypeParameters>,,</ownDataTypeParameters>
<previousColumn>false</previousColumn>
<autoIncrementCycle>false</autoIncrementCycle>
<associations>
<colAssociation fkAssociation="FB00FD7B-6B12-C947-1AEA-1F497FF58DF9" referredColumn="FB0C0B5E-5782-48A8-D714-E5AC0403DCB8"/>
</associations>
</Column>
</columns>
<indexes itemClass="oracle.dbtools.crest.model.design.relational.Index">
<ind_PK_UK id="BB33FA56-DCE8-5A31-2898-03DD743EC296" name="T_CARTEIRA_PK">
<createdBy>filipesimoes</createdBy>
<createdTime>2023-05-25 00:56:52 UTC</createdTime>
<generatorID>C11C4D5F-B3ED-0BBE-78C1-4C86C7B7DE64</generatorID>
<ownerDesignName>Banco_dados_Fintech</ownerDesignName>
<pk>true</pk>
<indexState>Primary Constraint</indexState>
<isSurrogateKey>false</isSurrogateKey>
<indexColumnUsage>
<colUsage columnID="43A265CF-7B93-2337-080C-E87C89CA6D51"/>
</indexColumnUsage>
</ind_PK_UK>
<ind_PK_UK id="F42B4D0E-9FA7-0343-C8B5-6F96E920C73D" name="T_CARTEIRA__IDX">
<createdBy>filipesimoes</createdBy>
<createdTime>2023-05-25 00:56:52 UTC</createdTime>
<ownerDesignName>Banco_dados_Fintech</ownerDesignName>
<indexState>Unique Plain Index</indexState>
<isSurrogateKey>false</isSurrogateKey>
<relationGeneratorID>75319280-B1C1-D90C-FE83-B0204E3453B3</relationGeneratorID>
<indexColumnUsage>
<colUsage columnID="E69D9819-EEF3-3FD7-813B-D403D4F93453"/>
</indexColumnUsage>
</ind_PK_UK>
<ind_PK_UK id="DEC3EFA1-7018-DF11-9C5B-4212F2D4AF01" name="T_CARTEIRA_T_USUARIO_FK">
<createdBy>filipesimoes</createdBy>
<createdTime>2023-05-25 00:56:52 UTC</createdTime>
<generatorID>75319280-B1C1-D90C-FE83-B0204E3453B3</generatorID>
<ownerDesignName>Banco_dados_Fintech</ownerDesignName>
<indexState>Foreign Key</indexState>
<isSurrogateKey>false</isSurrogateKey>
<indexColumnUsage>
<colUsage columnID="E69D9819-EEF3-3FD7-813B-D403D4F93453"/>
</indexColumnUsage>
</ind_PK_UK>
</indexes>
</Table>