<?xml version = '1.0' encoding = 'UTF-8'?>
<Table class="oracle.dbtools.crest.model.design.relational.Table" directorySegmentName="seg_0" id="4D619DE1-03EF-3B49-BC2E-13D874FBA5E1" name="T_INVESTIMENTO">
<createdBy>filipesimoes</createdBy>
<createdTime>2023-05-25 00:56:52 UTC</createdTime>
<generatorID>FED1A155-6B77-7D64-A04F-04461B090B7A</generatorID>
<ownerDesignName>Banco_dados_Fintech</ownerDesignName>
<allowColumnReorder>false</allowColumnReorder>
<existDependencyGenerateInDDl>true</existDependencyGenerateInDDl>
<parsed>true</parsed>
<columns itemClass="oracle.dbtools.crest.model.design.relational.Column">
<Column name="cd_investimento" id="9FEE275C-6476-FC5B-70F2-338484F015DE">
<createdBy>filipesimoes</createdBy>
<createdTime>2023-05-25 00:56:52 UTC</createdTime>
<generatorID>DA2FFE39-A9CC-F1F9-6240-FDCC7AAAF280</generatorID>
<ownerDesignName>Banco_dados_Fintech</ownerDesignName>
<useDomainConstraints>false</useDomainConstraints>
<use>1</use>
<logicalDatatype>LOGDT019</logicalDatatype>
<ownDataTypeParameters>,,</ownDataTypeParameters>
<autoIncrementCycle>false</autoIncrementCycle>
</Column>
<Column name="cd_tipo_investimento" id="CDCE8093-F02E-FE98-0DAC-F93B449A434E">
<createdBy>filipesimoes</createdBy>
<createdTime>2023-05-25 00:56:52 UTC</createdTime>
<generatorID>4982550F-44A0-168F-3BAC-6A177644A39C</generatorID>
<ownerDesignName>Banco_dados_Fintech</ownerDesignName>
<useDomainConstraints>false</useDomainConstraints>
<use>1</use>
<logicalDatatype>LOGDT019</logicalDatatype>
<ownDataTypeParameters>,,</ownDataTypeParameters>
<previousColumn>false</previousColumn>
<autoIncrementCycle>false</autoIncrementCycle>
<associations>
<colAssociation fkAssociation="3C842EA2-B762-231C-9C8A-562BA30DD8BD" referredColumn="3D181C6B-9223-2D1E-6F9B-77C936B5733A"/>
</associations>
</Column>
<Column name="ds_investimento" id="363B041E-EBC0-D2C1-66EF-0C03CB9CAF06">
<createdBy>filipesimoes</createdBy>
<createdTime>2023-05-25 00:56:52 UTC</createdTime>
<generatorID>BC04FB50-7C33-64B7-79EC-1432913E99E5</generatorID>
<ownerDesignName>Banco_dados_Fintech</ownerDesignName>
<useDomainConstraints>false</useDomainConstraints>
<use>1</use>
<logicalDatatype>LOGDT024</logicalDatatype>
<dataTypeSize>100</dataTypeSize>
<ownDataTypeParameters>100,,</ownDataTypeParameters>
<autoIncrementCycle>false</autoIncrementCycle>
</Column>
<Column name="cd_carteira" id="B4C949F1-8D61-1974-F09A-EDD9FE9381DA">
<createdBy>filipesimoes</createdBy>
<createdTime>2023-05-25 00:56:52 UTC</createdTime>
<generatorID>0021F209-BD4C-A58F-484A-97CAE7503912</generatorID>
<ownerDesignName>Banco_dados_Fintech</ownerDesignName>
<useDomainConstraints>false</useDomainConstraints>
<use>1</use>
<logicalDatatype>LOGDT019</logicalDatatype>
<ownDataTypeParameters>,,</ownDataTypeParameters>
<previousColumn>false</previousColumn>
<autoIncrementCycle>false</autoIncrementCycle>
<associations>
<colAssociation fkAssociation="6AFEBDAA-0867-48B6-1D40-8B764DCDA312" referredColumn="43A265CF-7B93-2337-080C-E87C89CA6D51"/>
</associations>
</Column>
</columns>
<indexes itemClass="oracle.dbtools.crest.model.design.relational.Index">
<ind_PK_UK id="DFB7DC83-11D0-993D-5454-FFFB001B219A" name="T_INVESTIMENTO_PK">
<createdBy>filipesimoes</createdBy>
<createdTime>2023-05-25 00:56:52 UTC</createdTime>
<generatorID>7A8DDE95-4821-399B-8E2E-53FA1EABA31E</generatorID>
<ownerDesignName>Banco_dados_Fintech</ownerDesignName>
<pk>true</pk>
<indexState>Primary Constraint</indexState>
<isSurrogateKey>false</isSurrogateKey>
<indexColumnUsage>
<colUsage columnID="9FEE275C-6476-FC5B-70F2-338484F015DE"/>
<colUsage columnID="CDCE8093-F02E-FE98-0DAC-F93B449A434E"/>
</indexColumnUsage>
</ind_PK_UK>
<ind_PK_UK id="4450F12B-61D6-4C02-9EEE-CBE9E48CCCC0" name="T_INVEST_CART_FK">
<createdBy>filipesimoes</createdBy>
<createdTime>2023-05-25 00:56:52 UTC</createdTime>
<generatorID>B172B2A6-EA0C-419F-6746-6F875CB8BD6B</generatorID>
<ownerDesignName>Banco_dados_Fintech</ownerDesignName>
<indexState>Foreign Key</indexState>
<isSurrogateKey>false</isSurrogateKey>
<indexColumnUsage>
<colUsage columnID="B4C949F1-8D61-1974-F09A-EDD9FE9381DA"/>
</indexColumnUsage>
</ind_PK_UK>
<ind_PK_UK id="02414196-D1BE-D6EC-38BF-7AF24936D8F0" name="T_INVEST_TIP_INVEST_FK">
<createdBy>filipesimoes</createdBy>
<createdTime>2023-05-25 00:56:52 UTC</createdTime>
<generatorID>214AC055-BFA0-A653-032B-850F7B040F16</generatorID>
<ownerDesignName>Banco_dados_Fintech</ownerDesignName>
<indexState>Foreign Key</indexState>
<isSurrogateKey>false</isSurrogateKey>
<indexColumnUsage>
<colUsage columnID="CDCE8093-F02E-FE98-0DAC-F93B449A434E"/>
</indexColumnUsage>
</ind_PK_UK>
</indexes>
</Table>