<?xml version = '1.0' encoding = 'UTF-8'?>
<Table class="oracle.dbtools.crest.model.design.relational.Table" directorySegmentName="seg_0" id="B682CE45-1CEE-C30C-0F7B-D14D4AA6286A" name="T_RESERVA_EMERG">
<createdBy>filipesimoes</createdBy>
<createdTime>2023-05-25 00:56:52 UTC</createdTime>
<generatorID>86C84E25-5F31-23F4-ECCB-3B42F798F907</generatorID>
<ownerDesignName>Banco_dados_Fintech</ownerDesignName>
<allowColumnReorder>false</allowColumnReorder>
<existDependencyGenerateInDDl>true</existDependencyGenerateInDDl>
<parsed>true</parsed>
<columns itemClass="oracle.dbtools.crest.model.design.relational.Column">
<Column name="cd_reserva" id="666B39B3-03BE-71E7-A8FD-47BD44B2E84E">
<createdBy>filipesimoes</createdBy>
<createdTime>2023-05-25 00:56:52 UTC</createdTime>
<generatorID>B165612B-BA0F-8422-CB88-022EC160A4E4</generatorID>
<ownerDesignName>Banco_dados_Fintech</ownerDesignName>
<useDomainConstraints>false</useDomainConstraints>
<use>1</use>
<logicalDatatype>LOGDT019</logicalDatatype>
<ownDataTypeParameters>,,</ownDataTypeParameters>
<autoIncrementCycle>false</autoIncrementCycle>
</Column>
<Column name="vl_reservado" id="1ADA66F8-2376-9C6A-B6A0-36EA0FEB8DC3">
<createdBy>filipesimoes</createdBy>
<createdTime>2023-05-25 00:56:52 UTC</createdTime>
<generatorID>6FD18E6D-AAE3-3A10-CD7D-080A4259C733</generatorID>
<ownerDesignName>Banco_dados_Fintech</ownerDesignName>
<useDomainConstraints>false</useDomainConstraints>
<use>1</use>
<logicalDatatype>LOGDT043</logicalDatatype>
<ownDataTypeParameters>,,</ownDataTypeParameters>
<autoIncrementCycle>false</autoIncrementCycle>
</Column>
<Column name="ds_item" id="EEFC29F7-098A-6183-FA07-57AEB7772749">
<createdBy>filipesimoes</createdBy>
<createdTime>2023-05-25 00:56:52 UTC</createdTime>
<generatorID>62413152-A0F3-68A3-F7D4-96EB69668AA3</generatorID>
<ownerDesignName>Banco_dados_Fintech</ownerDesignName>
<useDomainConstraints>false</useDomainConstraints>
<use>1</use>
<logicalDatatype>LOGDT024</logicalDatatype>
<dataTypeSize>100</dataTypeSize>
<ownDataTypeParameters>100,,</ownDataTypeParameters>
<autoIncrementCycle>false</autoIncrementCycle>
</Column>
<Column name="vl_item" id="D1348839-D267-48C8-11CE-6E26F24E9965">
<createdBy>filipesimoes</createdBy>
<createdTime>2023-05-25 00:56:52 UTC</createdTime>
<generatorID>E507452B-7E39-4EE3-8519-E434F107A570</generatorID>
<ownerDesignName>Banco_dados_Fintech</ownerDesignName>
<useDomainConstraints>false</useDomainConstraints>
<use>1</use>
<logicalDatatype>LOGDT043</logicalDatatype>
<ownDataTypeParameters>,,</ownDataTypeParameters>
<autoIncrementCycle>false</autoIncrementCycle>
</Column>
<Column name="ds_info" id="CA3855A0-83F0-FF47-0C81-CFB2CDB38F76">
<createdBy>filipesimoes</createdBy>
<createdTime>2023-05-25 00:56:52 UTC</createdTime>
<generatorID>E6AFD9F5-D8C1-C331-E2BF-E51F0B9DBCF2</generatorID>
<ownerDesignName>Banco_dados_Fintech</ownerDesignName>
<useDomainConstraints>false</useDomainConstraints>
<use>1</use>
<logicalDatatype>LOGDT024</logicalDatatype>
<dataTypeSize>1000</dataTypeSize>
<ownDataTypeParameters>1000,,</ownDataTypeParameters>
<autoIncrementCycle>false</autoIncrementCycle>
</Column>
<Column name="cd_carteira" id="9E98C03A-56DC-7323-DB35-3148F0B0D20F">
<createdBy>filipesimoes</createdBy>
<createdTime>2023-05-25 00:56:52 UTC</createdTime>
<generatorID>102FA3D5-C437-D2AE-D18E-259172E0689B</generatorID>
<ownerDesignName>Banco_dados_Fintech</ownerDesignName>
<useDomainConstraints>false</useDomainConstraints>
<use>1</use>
<logicalDatatype>LOGDT019</logicalDatatype>
<ownDataTypeParameters>,,</ownDataTypeParameters>
<previousColumn>false</previousColumn>
<autoIncrementCycle>false</autoIncrementCycle>
<associations>
<colAssociation fkAssociation="513D6487-000D-B5C2-02DD-71D7C14DCF1F" referredColumn="43A265CF-7B93-2337-080C-E87C89CA6D51"/>
</associations>
</Column>
</columns>
<indexes itemClass="oracle.dbtools.crest.model.design.relational.Index">
<ind_PK_UK id="14EE500E-B421-607C-7EC9-1AF8B863FD32" name="T_RESERVA_EMERG_PK">
<createdBy>filipesimoes</createdBy>
<createdTime>2023-05-25 00:56:52 UTC</createdTime>
<generatorID>6916A6BB-528D-0122-78D6-0F4D6D8941FF</generatorID>
<ownerDesignName>Banco_dados_Fintech</ownerDesignName>
<pk>true</pk>
<indexState>Primary Constraint</indexState>
<isSurrogateKey>false</isSurrogateKey>
<indexColumnUsage>
<colUsage columnID="666B39B3-03BE-71E7-A8FD-47BD44B2E84E"/>
</indexColumnUsage>
</ind_PK_UK>
<ind_PK_UK id="7712AA36-A6AB-0EEB-12E2-AB77B519778B" name="T_RESERV_CARTEIRA_FK">
<createdBy>filipesimoes</createdBy>
<createdTime>2023-05-25 00:56:52 UTC</createdTime>
<generatorID>DDF5E621-C82A-133F-7307-DD50AED5885D</generatorID>
<ownerDesignName>Banco_dados_Fintech</ownerDesignName>
<indexState>Foreign Key</indexState>
<isSurrogateKey>false</isSurrogateKey>
<indexColumnUsage>
<colUsage columnID="9E98C03A-56DC-7323-DB35-3148F0B0D20F"/>
</indexColumnUsage>
</ind_PK_UK>
</indexes>
</Table>