<?xml version = '1.0' encoding = 'UTF-8'?>
<Diagram class="oracle.dbtools.crest.swingui.relational.DPVRelational" name="Relational_1" id="E93EE312-71F3-B3FB-1069-BDECDC33C949">
<createdBy>filipesimoes</createdBy>
<modifiedBy>filipesimoes</modifiedBy>
<createdTime>2023-05-23 22:56:44 UTC</createdTime>
<autoRoute>false</autoRoute>
<boxInbox>true</boxInbox>
<showLegend>false</showLegend>
<showLabels>false</showLabels>
<showRelAttributes>false</showRelAttributes>
<gridEnabled>false</gridEnabled>
<showGrid>false</showGrid>
<diagramColor>-1</diagramColor>
<display>false</display>
<notation>1</notation>
<objectViews>
<OView class="oracle.dbtools.crest.swingui.relational.TVTable" oid="009FA774-D15B-FBCE-BD08-224C822E4223" otype="Table" vid="3B8AE277-FF57-C61B-6743-6EA3D65073AE">
<hideElementsInCurrentOnly>false</hideElementsInCurrentOnly>
<bounds x="176" y="189" width="244" height="226"/>
</OView>
<OView class="oracle.dbtools.crest.swingui.relational.TVTable" oid="0959777D-3DBC-8D0C-443A-3BE8AE7382D3" otype="Table" vid="3BAF4F1F-6973-7451-F1D6-8E9D076290B1">
<hideElementsInCurrentOnly>false</hideElementsInCurrentOnly>
<bounds x="540" y="580" width="273" height="91"/>
</OView>
<OView class="oracle.dbtools.crest.swingui.relational.TVTable" oid="2C541C6F-91B7-DB32-DEFC-7780EC424B76" otype="Table" vid="C1E7E7FE-011D-7470-BDEB-261C3F665D35">
<hideElementsInCurrentOnly>false</hideElementsInCurrentOnly>
<bounds x="483" y="38" width="307" height="105"/>
</OView>
<OView class="oracle.dbtools.crest.swingui.relational.TVTable" oid="359D4340-3DBA-BAC3-BE5A-46F63BCECB1C" otype="Table" vid="6FF95C4C-A69C-6CDE-F017-2030BA6C8994">
<hideElementsInCurrentOnly>false</hideElementsInCurrentOnly>
<bounds x="566" y="207" width="241" height="137"/>
</OView>
<OView class="oracle.dbtools.crest.swingui.relational.TVTable" oid="4D619DE1-03EF-3B49-BC2E-13D874FBA5E1" otype="Table" vid="52218102-8A09-27EB-B7EF-0102458FCD43">
<hideElementsInCurrentOnly>false</hideElementsInCurrentOnly>
<bounds x="468" y="395" width="427" height="136"/>
</OView>
<OView class="oracle.dbtools.crest.swingui.relational.TVTable" oid="5938F1BD-D50C-012E-3E37-59B2631855E7" otype="Table" vid="F55A5BB3-B54F-19CE-648D-64B4EB277DC4">
<hideElementsInCurrentOnly>false</hideElementsInCurrentOnly>
<bounds x="874" y="39" width="228" height="84"/>
</OView>
<OView class="oracle.dbtools.crest.swingui.relational.TVTable" oid="B682CE45-1CEE-C30C-0F7B-D14D4AA6286A" otype="Table" vid="ECC01018-DC0A-2858-EC82-D037DC472142">
<hideElementsInCurrentOnly>false</hideElementsInCurrentOnly>
<bounds x="867" y="197" width="266" height="145"/>
</OView>
</objectViews>
<connectors>
<Connector class="oracle.dbtools.crest.swingui.relational.TVFKRelation" oid="3C842EA2-B762-231C-9C8A-562BA30DD8BD" otype="FKIndexAssociation" vid_source="3BAF4F1F-6973-7451-F1D6-8E9D076290B1" vid_target="52218102-8A09-27EB-B7EF-0102458FCD43">
<hideElementsInCurrentOnly>false</hideElementsInCurrentOnly>
<backgroundColor>-16777216</backgroundColor>
<lineWidth>1</lineWidth>
<points>
<point x="676" y="580"/>
<point x="676" y="531"/>
</points>
</Connector>
<Connector class="oracle.dbtools.crest.swingui.relational.TVFKRelation" oid="513D6487-000D-B5C2-02DD-71D7C14DCF1F" otype="FKIndexAssociation" vid_source="6FF95C4C-A69C-6CDE-F017-2030BA6C8994" vid_target="ECC01018-DC0A-2858-EC82-D037DC472142">
<hideElementsInCurrentOnly>false</hideElementsInCurrentOnly>
<backgroundColor>-16777216</backgroundColor>
<lineWidth>1</lineWidth>
<points>
<point x="807" y="274"/>
<point x="867" y="274"/>
</points>
</Connector>
<Connector class="oracle.dbtools.crest.swingui.relational.TVFKRelation" oid="6AFEBDAA-0867-48B6-1D40-8B764DCDA312" otype="FKIndexAssociation" vid_source="6FF95C4C-A69C-6CDE-F017-2030BA6C8994" vid_target="52218102-8A09-27EB-B7EF-0102458FCD43">
<hideElementsInCurrentOnly>false</hideElementsInCurrentOnly>
<backgroundColor>-16777216</backgroundColor>
<lineWidth>1</lineWidth>
<points>
<point x="686" y="344"/>
<point x="686" y="395"/>
</points>
</Connector>
<Connector class="oracle.dbtools.crest.swingui.relational.TVFKRelation" oid="77AEC8D8-4E33-877D-9634-1FB73F9FAE94" otype="FKIndexAssociation" vid_source="6FF95C4C-A69C-6CDE-F017-2030BA6C8994" vid_target="3B8AE277-FF57-C61B-6743-6EA3D65073AE">
<hideElementsInCurrentOnly>false</hideElementsInCurrentOnly>
<backgroundColor>-16777216</backgroundColor>
<lineWidth>1</lineWidth>
<points>
<point x="566" y="290"/>
<point x="420" y="290"/>
</points>
</Connector>
<Connector class="oracle.dbtools.crest.swingui.relational.TVFKRelation" oid="8058F162-B3CC-F37A-59F6-177091ED6F9C" otype="FKIndexAssociation" vid_source="6FF95C4C-A69C-6CDE-F017-2030BA6C8994" vid_target="C1E7E7FE-011D-7470-BDEB-261C3F665D35">
<hideElementsInCurrentOnly>false</hideElementsInCurrentOnly>
<backgroundColor>-16777216</backgroundColor>
<lineWidth>1</lineWidth>
<points>
<point x="678" y="207"/>
<point x="678" y="143"/>
</points>
</Connector>
<Connector class="oracle.dbtools.crest.swingui.relational.TVFKRelation" oid="BF91ACF1-99E0-3952-7546-4292956774B2" otype="FKIndexAssociation" vid_source="F55A5BB3-B54F-19CE-648D-64B4EB277DC4" vid_target="C1E7E7FE-011D-7470-BDEB-261C3F665D35">
<hideElementsInCurrentOnly>false</hideElementsInCurrentOnly>
<backgroundColor>-16777216</backgroundColor>
<lineWidth>1</lineWidth>
<points>
<point x="874" y="96"/>
<point x="790" y="96"/>
</points>
</Connector>
<Connector class="oracle.dbtools.crest.swingui.relational.TVFKRelation" oid="FB00FD7B-6B12-C947-1AEA-1F497FF58DF9" otype="FKIndexAssociation" vid_source="3B8AE277-FF57-C61B-6743-6EA3D65073AE" vid_target="6FF95C4C-A69C-6CDE-F017-2030BA6C8994">
<hideElementsInCurrentOnly>false</hideElementsInCurrentOnly>
<backgroundColor>-16777216</backgroundColor>
<lineWidth>1</lineWidth>
<points>
<point x="420" y="305"/>
<point x="566" y="305"/>
</points>
</Connector>
</connectors>
</Diagram>