<?xml version = '1.0' encoding = 'UTF-8'?>
<Relation class="oracle.dbtools.crest.model.design.logical.Relation" name="relatar" directorySegmentName="seg_0" id="0D9EDEA2-6F42-058B-0861-D5A8758DB1FA">
<createdBy>filipesimoes</createdBy>
<createdTime>2023-05-23 22:30:24 UTC</createdTime>
<ownerDesignName>Banco_dados_Fintech</ownerDesignName>
<engineerTo>
<item key="1D24138C-E482-C865-D0B2-DC5AA35C4E91" value="true"/>
</engineerTo>
<sourcePk>C11C4D5F-B3ED-0BBE-78C1-4C86C7B7DE64</sourcePk>
<identifying>true</identifying>
<optionalSource>true</optionalSource>
<optionalTarget>false</optionalTarget>
<sourceCardinality>1</sourceCardinality>
<sourceEntity>955E2BB4-76EA-AFA2-6077-6A4E58CE5668</sourceEntity>
<targetCardinalityString>*</targetCardinalityString>
<targetEntity>389C81A5-B71A-3BB0-D91A-3C9EAD38C00C</targetEntity>
<transferable>true</transferable>
<deleteRule>NO ACTION</deleteRule>
</Relation>