<?xml version = '1.0' encoding = 'UTF-8'?>
<Relation class="oracle.dbtools.crest.model.design.logical.Relation" name="portar" directorySegmentName="seg_0" id="214AC055-BFA0-A653-032B-850F7B040F16">
<createdBy>filipesimoes</createdBy>
<createdTime>2023-05-23 22:24:47 UTC</createdTime>
<ownerDesignName>Banco_dados_Fintech</ownerDesignName>
<engineerTo>
<item key="1D24138C-E482-C865-D0B2-DC5AA35C4E91" value="true"/>
</engineerTo>
<sourcePk>3A1ECE9F-305C-AF3F-0475-4AFAC4D1E072</sourcePk>
<identifying>true</identifying>
<optionalSource>true</optionalSource>
<optionalTarget>false</optionalTarget>
<sourceCardinality>1</sourceCardinality>
<sourceEntity>0B96296E-DC34-1C30-DDCA-9B25FE021CB1</sourceEntity>
<targetCardinalityString>*</targetCardinalityString>
<targetEntity>FED1A155-6B77-7D64-A04F-04461B090B7A</targetEntity>
<transferable>true</transferable>
<deleteRule>NO ACTION</deleteRule>
</Relation>