<?xml version = '1.0' encoding = 'UTF-8'?>
<Relation class="oracle.dbtools.crest.model.design.logical.Relation" name="possuir" directorySegmentName="seg_0" id="75319280-B1C1-D90C-FE83-B0204E3453B3">
<createdBy>filipesimoes</createdBy>
<createdTime>2023-05-23 22:12:03 UTC</createdTime>
<ownerDesignName>Banco_dados_Fintech</ownerDesignName>
<engineerTo>
<item key="1D24138C-E482-C865-D0B2-DC5AA35C4E91" value="true"/>
</engineerTo>
<sourcePk>30BB692C-9548-5393-CA3C-18C8BA845BAA</sourcePk>
<targetPk>C11C4D5F-B3ED-0BBE-78C1-4C86C7B7DE64</targetPk>
<identifying>false</identifying>
<optionalSource>false</optionalSource>
<optionalTarget>false</optionalTarget>
<sourceCardinality>1</sourceCardinality>
<sourceEntity>4329D673-6E36-0398-FE86-DA0D16A07607</sourceEntity>
<targetCardinalityString>1</targetCardinalityString>
<targetEntity>955E2BB4-76EA-AFA2-6077-6A4E58CE5668</targetEntity>
<transferable>true</transferable>
<deleteRule>NO ACTION</deleteRule>
</Relation>