<?xml version = '1.0' encoding = 'UTF-8'?>
<Relation class="oracle.dbtools.crest.model.design.logical.Relation" name="conter" directorySegmentName="seg_0" id="B172B2A6-EA0C-419F-6746-6F875CB8BD6B">
<createdBy>filipesimoes</createdBy>
<createdTime>2023-05-23 22:20:14 UTC</createdTime>
<ownerDesignName>Banco_dados_Fintech</ownerDesignName>
<engineerTo>
<item key="1D24138C-E482-C865-D0B2-DC5AA35C4E91" value="true"/>
</engineerTo>
<sourcePk>C11C4D5F-B3ED-0BBE-78C1-4C86C7B7DE64</sourcePk>
<identifying>false</identifying>
<optionalSource>true</optionalSource>
<optionalTarget>false</optionalTarget>
<sourceCardinality>1</sourceCardinality>
<sourceEntity>955E2BB4-76EA-AFA2-6077-6A4E58CE5668</sourceEntity>
<targetCardinalityString>*</targetCardinalityString>
<targetEntity>FED1A155-6B77-7D64-A04F-04461B090B7A</targetEntity>
<transferable>true</transferable>
<deleteRule>NO ACTION</deleteRule>
</Relation>