<?xml version = '1.0' encoding = 'UTF-8'?>
<Relation class="oracle.dbtools.crest.model.design.logical.Relation" name="manter" directorySegmentName="seg_0" id="DDF5E621-C82A-133F-7307-DD50AED5885D">
<createdBy>filipesimoes</createdBy>
<createdTime>2023-05-23 22:33:29 UTC</createdTime>
<ownerDesignName>Banco_dados_Fintech</ownerDesignName>
<engineerTo>
<item key="1D24138C-E482-C865-D0B2-DC5AA35C4E91" value="true"/>
</engineerTo>
<sourcePk>C11C4D5F-B3ED-0BBE-78C1-4C86C7B7DE64</sourcePk>
<identifying>false</identifying>
<optionalSource>true</optionalSource>
<optionalTarget>false</optionalTarget>
<sourceCardinality>1</sourceCardinality>
<sourceEntity>955E2BB4-76EA-AFA2-6077-6A4E58CE5668</sourceEntity>
<targetCardinalityString>*</targetCardinalityString>
<targetEntity>86C84E25-5F31-23F4-ECCB-3B42F798F907</targetEntity>
<transferable>true</transferable>
<deleteRule>NO ACTION</deleteRule>
</Relation>