<?xml version = '1.0' encoding = 'UTF-8'?>
<Relation class="oracle.dbtools.crest.model.design.logical.Relation" name="escrever" directorySegmentName="seg_0" id="DED7AB58-1DDF-93CA-AE65-869C7088BD04">
<createdBy>filipesimoes</createdBy>
<createdTime>2023-05-23 22:32:39 UTC</createdTime>
<ownerDesignName>Banco_dados_Fintech</ownerDesignName>
<engineerTo>
<item key="1D24138C-E482-C865-D0B2-DC5AA35C4E91" value="true"/>
</engineerTo>
<sourcePk>785DD163-9C57-169B-EF59-D9F9C36F5392</sourcePk>
<identifying>true</identifying>
<optionalSource>true</optionalSource>
<optionalTarget>false</optionalTarget>
<sourceCardinality>1</sourceCardinality>
<sourceEntity>BFCE6FC2-8C77-3810-1172-EAF5F99A69AD</sourceEntity>
<targetCardinalityString>*</targetCardinalityString>
<targetEntity>389C81A5-B71A-3BB0-D91A-3C9EAD38C00C</targetEntity>
<transferable>true</transferable>
<deleteRule>NO ACTION</deleteRule>
</Relation>