<?xml version = '1.0' encoding = 'UTF-8'?>
<relationalModel class="oracle.dbtools.crest.model.design.relational.RelationalDesign" name="Relational_1" id="1D24138C-E482-C865-D0B2-DC5AA35C4E91" mainViewID="E93EE312-71F3-B3FB-1069-BDECDC33C949">
<createdBy>filipesimoes</createdBy>
<createdTime>2023-05-23 21:45:17 UTC</createdTime>
<ownerDesignName>Banco_dados_Fintech</ownerDesignName>
<shouldBeOpen>false</shouldBeOpen>
<selectedRDBMSSite>32076570-2523-435C-2E92-BF29817DFF70</selectedRDBMSSite>
</relationalModel>