<?xml version = '1.0' encoding = 'UTF-8'?>
<FKIndexAssociation class="oracle.dbtools.crest.model.design.relational.FKIndexAssociation" directorySegmentName="seg_0" id="3C842EA2-B762-231C-9C8A-562BA30DD8BD" containerWithKeyObject="4D619DE1-03EF-3B49-BC2E-13D874FBA5E1" localFKIndex="02414196-D1BE-D6EC-38BF-7AF24936D8F0" name="T_INVEST_TIP_INVEST_FK">
<createdBy>filipesimoes</createdBy>
<createdTime>2023-05-25 00:56:52 UTC</createdTime>
<generatorID>214AC055-BFA0-A653-032B-850F7B040F16</generatorID>
<ownerDesignName>Banco_dados_Fintech</ownerDesignName>
<referredTableLongName>T_TIPO_INVESTIMENTO</referredTableLongName>
<deleteRule>NO ACTION</deleteRule>
<referredTableID>0959777D-3DBC-8D0C-443A-3BE8AE7382D3</referredTableID>
<keyObject>BBEE5E2B-8E7D-1AA5-1F59-C00A7924C068</keyObject>
<referredKeyID>BBEE5E2B-8E7D-1AA5-1F59-C00A7924C068</referredKeyID>
<mandatory>true</mandatory>
<refColNames>cd_tipo_investimento</refColNames>
<transferable>true</transferable>
<rely>false</rely>
<columnDependencyConstraintGenerateInDDL>true</columnDependencyConstraintGenerateInDDL>
</FKIndexAssociation>