<?xml version = '1.0' encoding = 'UTF-8'?>
<FKIndexAssociation class="oracle.dbtools.crest.model.design.relational.FKIndexAssociation" directorySegmentName="seg_0" id="513D6487-000D-B5C2-02DD-71D7C14DCF1F" containerWithKeyObject="B682CE45-1CEE-C30C-0F7B-D14D4AA6286A" localFKIndex="7712AA36-A6AB-0EEB-12E2-AB77B519778B" name="T_RESERV_CARTEIRA_FK">
<createdBy>filipesimoes</createdBy>
<createdTime>2023-05-25 00:56:52 UTC</createdTime>
<generatorID>DDF5E621-C82A-133F-7307-DD50AED5885D</generatorID>
<ownerDesignName>Banco_dados_Fintech</ownerDesignName>
<referredTableLongName>T_CARTEIRA</referredTableLongName>
<deleteRule>NO ACTION</deleteRule>
<referredTableID>359D4340-3DBA-BAC3-BE5A-46F63BCECB1C</referredTableID>
<keyObject>BB33FA56-DCE8-5A31-2898-03DD743EC296</keyObject>
<referredKeyID>BB33FA56-DCE8-5A31-2898-03DD743EC296</referredKeyID>
<mandatory>true</mandatory>
<refColNames>cd_carteira</refColNames>
<transferable>true</transferable>
<rely>false</rely>
<columnDependencyConstraintGenerateInDDL>true</columnDependencyConstraintGenerateInDDL>
</FKIndexAssociation>