<?xml version = '1.0' encoding = 'UTF-8'?>
<FKIndexAssociation class="oracle.dbtools.crest.model.design.relational.FKIndexAssociation" directorySegmentName="seg_0" id="6AFEBDAA-0867-48B6-1D40-8B764DCDA312" containerWithKeyObject="4D619DE1-03EF-3B49-BC2E-13D874FBA5E1" localFKIndex="4450F12B-61D6-4C02-9EEE-CBE9E48CCCC0" name="T_INVEST_CART_FK">
<createdBy>filipesimoes</createdBy>
<createdTime>2023-05-25 00:56:52 UTC</createdTime>
<generatorID>B172B2A6-EA0C-419F-6746-6F875CB8BD6B</generatorID>
<ownerDesignName>Banco_dados_Fintech</ownerDesignName>
<referredTableLongName>T_CARTEIRA</referredTableLongName>
<deleteRule>NO ACTION</deleteRule>
<referredTableID>359D4340-3DBA-BAC3-BE5A-46F63BCECB1C</referredTableID>
<keyObject>BB33FA56-DCE8-5A31-2898-03DD743EC296</keyObject>
<referredKeyID>BB33FA56-DCE8-5A31-2898-03DD743EC296</referredKeyID>
<mandatory>true</mandatory>
<refColNames>cd_carteira</refColNames>
<transferable>true</transferable>
<rely>false</rely>
<columnDependencyConstraintGenerateInDDL>true</columnDependencyConstraintGenerateInDDL>
</FKIndexAssociation>