<?xml version = '1.0' encoding = 'UTF-8'?>
<FKIndexAssociation class="oracle.dbtools.crest.model.design.relational.FKIndexAssociation" directorySegmentName="seg_0" id="77AEC8D8-4E33-877D-9634-1FB73F9FAE94" containerWithKeyObject="009FA774-D15B-FBCE-BD08-224C822E4223" localFKIndex="0F6F10CE-26A4-58FA-0CAC-7CC0A7704D04" name="T_USU_CART_FK">
<createdBy>filipesimoes</createdBy>
<createdTime>2023-05-25 00:56:52 UTC</createdTime>
<generatorID>75319280-B1C1-D90C-FE83-B0204E3453B3</generatorID>
<ownerDesignName>Banco_dados_Fintech</ownerDesignName>
<referredTableLongName>T_CARTEIRA</referredTableLongName>
<deleteRule>NO ACTION</deleteRule>
<referredTableID>359D4340-3DBA-BAC3-BE5A-46F63BCECB1C</referredTableID>
<keyObject>BB33FA56-DCE8-5A31-2898-03DD743EC296</keyObject>
<referredKeyID>BB33FA56-DCE8-5A31-2898-03DD743EC296</referredKeyID>
<mandatory>true</mandatory>
<refColNames>cd_carteira</refColNames>
<transferable>true</transferable>
<rely>false</rely>
<columnDependencyConstraintGenerateInDDL>true</columnDependencyConstraintGenerateInDDL>
</FKIndexAssociation>