<?xml version = '1.0' encoding = 'UTF-8'?>
<FKIndexAssociation class="oracle.dbtools.crest.model.design.relational.FKIndexAssociation" directorySegmentName="seg_0" id="8058F162-B3CC-F37A-59F6-177091ED6F9C" containerWithKeyObject="2C541C6F-91B7-DB32-DEFC-7780EC424B76" localFKIndex="5A26908E-3B5A-4A26-C096-676505ABD838" name="T_RELAT_CARTEIRA_FK">
<createdBy>filipesimoes</createdBy>
<createdTime>2023-05-25 00:56:52 UTC</createdTime>
<generatorID>0D9EDEA2-6F42-058B-0861-D5A8758DB1FA</generatorID>
<ownerDesignName>Banco_dados_Fintech</ownerDesignName>
<referredTableLongName>T_CARTEIRA</referredTableLongName>
<deleteRule>NO ACTION</deleteRule>
<referredTableID>359D4340-3DBA-BAC3-BE5A-46F63BCECB1C</referredTableID>
<keyObject>BB33FA56-DCE8-5A31-2898-03DD743EC296</keyObject>
<referredKeyID>BB33FA56-DCE8-5A31-2898-03DD743EC296</referredKeyID>
<mandatory>true</mandatory>
<refColNames>cd_carteira</refColNames>
<transferable>true</transferable>
<rely>false</rely>
<columnDependencyConstraintGenerateInDDL>true</columnDependencyConstraintGenerateInDDL>
</FKIndexAssociation>