<?xml version = '1.0' encoding = 'UTF-8'?>
<FKIndexAssociation class="oracle.dbtools.crest.model.design.relational.FKIndexAssociation" directorySegmentName="seg_0" id="BF91ACF1-99E0-3952-7546-4292956774B2" containerWithKeyObject="2C541C6F-91B7-DB32-DEFC-7780EC424B76" localFKIndex="4CFD4C71-DD68-DA7D-BC48-77B885506660" name="T_RELAT_SUPORTE_FK">
<createdBy>filipesimoes</createdBy>
<createdTime>2023-05-25 00:56:52 UTC</createdTime>
<generatorID>DED7AB58-1DDF-93CA-AE65-869C7088BD04</generatorID>
<ownerDesignName>Banco_dados_Fintech</ownerDesignName>
<referredTableLongName>T_SUPORTE</referredTableLongName>
<deleteRule>NO ACTION</deleteRule>
<referredTableID>5938F1BD-D50C-012E-3E37-59B2631855E7</referredTableID>
<keyObject>62781D7F-3732-5F24-8D25-134F22C2603D</keyObject>
<referredKeyID>62781D7F-3732-5F24-8D25-134F22C2603D</referredKeyID>
<mandatory>true</mandatory>
<refColNames>cd_sup</refColNames>
<transferable>true</transferable>
<rely>false</rely>
<columnDependencyConstraintGenerateInDDL>true</columnDependencyConstraintGenerateInDDL>
</FKIndexAssociation>