<?xml version = '1.0' encoding = 'UTF-8'?>
<FKIndexAssociation class="oracle.dbtools.crest.model.design.relational.FKIndexAssociation" directorySegmentName="seg_0" id="FB00FD7B-6B12-C947-1AEA-1F497FF58DF9" containerWithKeyObject="359D4340-3DBA-BAC3-BE5A-46F63BCECB1C" localFKIndex="DEC3EFA1-7018-DF11-9C5B-4212F2D4AF01" name="T_CARTEIRA_T_USUARIO_FK">
<createdBy>filipesimoes</createdBy>
<createdTime>2023-05-25 00:56:52 UTC</createdTime>
<generatorID>75319280-B1C1-D90C-FE83-B0204E3453B3</generatorID>
<ownerDesignName>Banco_dados_Fintech</ownerDesignName>
<referredTableLongName>T_USUARIO</referredTableLongName>
<deleteRule>NO ACTION</deleteRule>
<referredTableID>009FA774-D15B-FBCE-BD08-224C822E4223</referredTableID>
<keyObject>EFF187F6-33D8-ABC9-EF35-54F4E0AB3E3C</keyObject>
<referredKeyID>EFF187F6-33D8-ABC9-EF35-54F4E0AB3E3C</referredKeyID>
<mandatory>true</mandatory>
<refColNames>cd_usuario</refColNames>
<transferable>true</transferable>
<rely>false</rely>
<columnDependencyConstraintGenerateInDDL>true</columnDependencyConstraintGenerateInDDL>
</FKIndexAssociation>