<?xml version = '1.0' encoding = 'UTF-8'?>
<Entity class="oracle.dbtools.crest.model.design.logical.Entity" directorySegmentName="seg_0" id="389C81A5-B71A-3BB0-D91A-3C9EAD38C00C" name="T_RELATORIO_SUPORTE">
<createdBy>filipesimoes</createdBy>
<createdTime>2023-05-23 22:29:33 UTC</createdTime>
<ownerDesignName>Banco_dados_Fintech</ownerDesignName>
<engineerTo>
<item key="1D24138C-E482-C865-D0B2-DC5AA35C4E91" value="true"/>
</engineerTo>
<adequatelyNormalized>NO</adequatelyNormalized>
<expectedVolumes>0</expectedVolumes>
<fwdEngineeringStrategyName>Single Table</fwdEngineeringStrategyName>
<growthPercent>0</growthPercent>
<growthType>Year</growthType>
<maxVolumes>9999999</maxVolumes>
<minVolumes>0</minVolumes>
<normalForm>Third</normalForm>
<attributes itemClass="oracle.dbtools.crest.model.design.logical.Attribute">
<Attribute name="cd_sup" id="E198D54A-EED5-239F-F78A-BFF7BB0BDB01">
<createdBy>filipesimoes</createdBy>
<createdTime>2023-05-23 22:32:39 UTC</createdTime>
<generatorID>DED7AB58-1DDF-93CA-AE65-869C7088BD04</generatorID>
<ownerDesignName>Banco_dados_Fintech</ownerDesignName>
<engineerTo>
<item key="1D24138C-E482-C865-D0B2-DC5AA35C4E91" value="true"/>
</engineerTo>
<referedAttribute>7911B2D9-67B4-B0DF-8DE5-387932B0EE40</referedAttribute>
<use>1</use>
<logicalDatatype>LOGDT019</logicalDatatype>
<ownDataTypeParameters>,,</ownDataTypeParameters>
</Attribute>
<Attribute name="cd_carteira" id="0A783E24-AF69-26CB-F87F-F13C72E7A50B">
<createdBy>filipesimoes</createdBy>
<createdTime>2023-05-23 23:17:36 UTC</createdTime>
<generatorID>0D9EDEA2-6F42-058B-0861-D5A8758DB1FA</generatorID>
<ownerDesignName>Banco_dados_Fintech</ownerDesignName>
<engineerTo>
<item key="1D24138C-E482-C865-D0B2-DC5AA35C4E91" value="true"/>
</engineerTo>
<referedAttribute>142FB7FC-925E-C3A7-11C9-744C0755A5EE</referedAttribute>
<useDomainConstraints>false</useDomainConstraints>
<use>1</use>
<logicalDatatype>LOGDT019</logicalDatatype>
<ownDataTypeParameters>,,</ownDataTypeParameters>
</Attribute>
</attributes>
<identifiers itemClass="oracle.dbtools.crest.model.design.logical.CandidateKey">
<identifier id="9A53E004-4D83-9E02-231F-85D5B19F6FFC" name="T_RELATORIO_SUPORTE PK">
<createdBy>filipesimoes</createdBy>
<createdTime>2023-05-23 22:30:27 UTC</createdTime>
<ownerDesignName>Banco_dados_Fintech</ownerDesignName>
<engineerTo>
<item key="1D24138C-E482-C865-D0B2-DC5AA35C4E91" value="true"/>
</engineerTo>
<pk>true</pk>
<usedAttributes>
<attributeRef>0A783E24-AF69-26CB-F87F-F13C72E7A50B</attributeRef>
<attributeRef>E198D54A-EED5-239F-F78A-BFF7BB0BDB01</attributeRef>
</usedAttributes>
</identifier>
</identifiers>
</Entity>