<?xml version = '1.0' encoding = 'UTF-8'?>
<Entity class="oracle.dbtools.crest.model.design.logical.Entity" directorySegmentName="seg_0" id="86C84E25-5F31-23F4-ECCB-3B42F798F907" name="T_RESERVA_EMERG">
<createdBy>filipesimoes</createdBy>
<createdTime>2023-05-23 22:05:49 UTC</createdTime>
<ownerDesignName>Banco_dados_Fintech</ownerDesignName>
<engineerTo>
<item key="1D24138C-E482-C865-D0B2-DC5AA35C4E91" value="true"/>
</engineerTo>
<adequatelyNormalized>NO</adequatelyNormalized>
<expectedVolumes>0</expectedVolumes>
<fwdEngineeringStrategyName>Single Table</fwdEngineeringStrategyName>
<growthPercent>0</growthPercent>
<growthType>Year</growthType>
<maxVolumes>9999999</maxVolumes>
<minVolumes>0</minVolumes>
<normalForm>Third</normalForm>
<attributes itemClass="oracle.dbtools.crest.model.design.logical.Attribute">
<Attribute name="cd_reserva" id="B165612B-BA0F-8422-CB88-022EC160A4E4">
<createdBy>filipesimoes</createdBy>
<createdTime>2023-05-23 22:06:01 UTC</createdTime>
<ownerDesignName>Banco_dados_Fintech</ownerDesignName>
<engineerTo>
<item key="1D24138C-E482-C865-D0B2-DC5AA35C4E91" value="true"/>
</engineerTo>
<useDomainConstraints>false</useDomainConstraints>
<use>1</use>
<logicalDatatype>LOGDT019</logicalDatatype>
<ownDataTypeParameters>,,</ownDataTypeParameters>
</Attribute>
<Attribute name="vl_reservado" id="6FD18E6D-AAE3-3A10-CD7D-080A4259C733">
<createdBy>filipesimoes</createdBy>
<createdTime>2023-05-23 22:06:10 UTC</createdTime>
<ownerDesignName>Banco_dados_Fintech</ownerDesignName>
<engineerTo>
<item key="1D24138C-E482-C865-D0B2-DC5AA35C4E91" value="true"/>
</engineerTo>
<useDomainConstraints>false</useDomainConstraints>
<use>1</use>
<logicalDatatype>LOGDT043</logicalDatatype>
<ownDataTypeParameters>,,</ownDataTypeParameters>
</Attribute>
<Attribute name="ds_item" id="62413152-A0F3-68A3-F7D4-96EB69668AA3">
<createdBy>filipesimoes</createdBy>
<createdTime>2023-05-23 22:06:15 UTC</createdTime>
<ownerDesignName>Banco_dados_Fintech</ownerDesignName>
<engineerTo>
<item key="1D24138C-E482-C865-D0B2-DC5AA35C4E91" value="true"/>
</engineerTo>
<useDomainConstraints>false</useDomainConstraints>
<use>1</use>
<logicalDatatype>LOGDT024</logicalDatatype>
<dataTypeSize>100</dataTypeSize>
<ownDataTypeParameters>100,,</ownDataTypeParameters>
</Attribute>
<Attribute name="vl_item" id="E507452B-7E39-4EE3-8519-E434F107A570">
<createdBy>filipesimoes</createdBy>
<createdTime>2023-05-23 22:06:52 UTC</createdTime>
<ownerDesignName>Banco_dados_Fintech</ownerDesignName>
<engineerTo>
<item key="1D24138C-E482-C865-D0B2-DC5AA35C4E91" value="true"/>
</engineerTo>
<useDomainConstraints>false</useDomainConstraints>
<use>1</use>
<logicalDatatype>LOGDT043</logicalDatatype>
<ownDataTypeParameters>,,</ownDataTypeParameters>
</Attribute>
<Attribute name="ds_info" id="E6AFD9F5-D8C1-C331-E2BF-E51F0B9DBCF2">
<createdBy>filipesimoes</createdBy>
<createdTime>2023-05-23 22:07:06 UTC</createdTime>
<ownerDesignName>Banco_dados_Fintech</ownerDesignName>
<engineerTo>
<item key="1D24138C-E482-C865-D0B2-DC5AA35C4E91" value="true"/>
</engineerTo>
<useDomainConstraints>false</useDomainConstraints>
<use>1</use>
<logicalDatatype>LOGDT024</logicalDatatype>
<dataTypeSize>1000</dataTypeSize>
<ownDataTypeParameters>1000,,</ownDataTypeParameters>
</Attribute>
<Attribute name="cd_carteira" id="102FA3D5-C437-D2AE-D18E-259172E0689B">
<createdBy>filipesimoes</createdBy>
<createdTime>2023-05-23 23:17:36 UTC</createdTime>
<generatorID>DDF5E621-C82A-133F-7307-DD50AED5885D</generatorID>
<ownerDesignName>Banco_dados_Fintech</ownerDesignName>
<engineerTo>
<item key="1D24138C-E482-C865-D0B2-DC5AA35C4E91" value="true"/>
</engineerTo>
<referedAttribute>142FB7FC-925E-C3A7-11C9-744C0755A5EE</referedAttribute>
<useDomainConstraints>false</useDomainConstraints>
<use>1</use>
<logicalDatatype>LOGDT019</logicalDatatype>
<ownDataTypeParameters>,,</ownDataTypeParameters>
</Attribute>
</attributes>
<identifiers itemClass="oracle.dbtools.crest.model.design.logical.CandidateKey">
<identifier id="6916A6BB-528D-0122-78D6-0F4D6D8941FF" name="T_RESERVA_EMERG PK">
<createdBy>filipesimoes</createdBy>
<createdTime>2023-05-23 22:06:08 UTC</createdTime>
<ownerDesignName>Banco_dados_Fintech</ownerDesignName>
<engineerTo>
<item key="1D24138C-E482-C865-D0B2-DC5AA35C4E91" value="true"/>
</engineerTo>
<pk>true</pk>
<usedAttributes>
<attributeRef>B165612B-BA0F-8422-CB88-022EC160A4E4</attributeRef>
</usedAttributes>
</identifier>
</identifiers>
</Entity>