<?xml version = '1.0' encoding = 'UTF-8'?>
<Entity class="oracle.dbtools.crest.model.design.logical.Entity" directorySegmentName="seg_0" id="955E2BB4-76EA-AFA2-6077-6A4E58CE5668" name="T_CARTEIRA">
<createdBy>filipesimoes</createdBy>
<createdTime>2023-05-23 21:55:04 UTC</createdTime>
<ownerDesignName>Banco_dados_Fintech</ownerDesignName>
<engineerTo>
<item key="1D24138C-E482-C865-D0B2-DC5AA35C4E91" value="true"/>
</engineerTo>
<adequatelyNormalized>NO</adequatelyNormalized>
<expectedVolumes>0</expectedVolumes>
<fwdEngineeringStrategyName>Single Table</fwdEngineeringStrategyName>
<growthPercent>0</growthPercent>
<growthType>Year</growthType>
<maxVolumes>9999999</maxVolumes>
<minVolumes>0</minVolumes>
<normalForm>Third</normalForm>
<attributes itemClass="oracle.dbtools.crest.model.design.logical.Attribute">
<Attribute name="cd_carteira" id="142FB7FC-925E-C3A7-11C9-744C0755A5EE">
<createdBy>filipesimoes</createdBy>
<createdTime>2023-05-23 22:15:46 UTC</createdTime>
<ownerDesignName>Banco_dados_Fintech</ownerDesignName>
<engineerTo>
<item key="1D24138C-E482-C865-D0B2-DC5AA35C4E91" value="true"/>
</engineerTo>
<useDomainConstraints>false</useDomainConstraints>
<use>1</use>
<logicalDatatype>LOGDT019</logicalDatatype>
<ownDataTypeParameters>,,</ownDataTypeParameters>
</Attribute>
<Attribute name="vl_saldo" id="DD21F230-27AD-CB15-F1B9-BEC944476AAC">
<createdBy>filipesimoes</createdBy>
<createdTime>2023-05-23 21:55:31 UTC</createdTime>
<ownerDesignName>Banco_dados_Fintech</ownerDesignName>
<engineerTo>
<item key="1D24138C-E482-C865-D0B2-DC5AA35C4E91" value="true"/>
</engineerTo>
<useDomainConstraints>false</useDomainConstraints>
<use>1</use>
<logicalDatatype>LOGDT043</logicalDatatype>
<ownDataTypeParameters>,,</ownDataTypeParameters>
</Attribute>
<Attribute name="cd_usuario" id="41778BDE-8936-FD06-283C-5EC05D7F38C2">
<createdBy>filipesimoes</createdBy>
<createdTime>2023-05-23 23:06:16 UTC</createdTime>
<generatorID>75319280-B1C1-D90C-FE83-B0204E3453B3</generatorID>
<ownerDesignName>Banco_dados_Fintech</ownerDesignName>
<engineerTo>
<item key="1D24138C-E482-C865-D0B2-DC5AA35C4E91" value="true"/>
</engineerTo>
<referedAttribute>E76E47C9-FFF7-C13C-46E0-6669CA152AAE</referedAttribute>
<useDomainConstraints>false</useDomainConstraints>
<use>1</use>
<logicalDatatype>LOGDT019</logicalDatatype>
<ownDataTypeParameters>,,</ownDataTypeParameters>
</Attribute>
</attributes>
<identifiers itemClass="oracle.dbtools.crest.model.design.logical.CandidateKey">
<identifier id="C11C4D5F-B3ED-0BBE-78C1-4C86C7B7DE64" name="T_CARTEIRA PK">
<createdBy>filipesimoes</createdBy>
<createdTime>2023-05-23 22:15:51 UTC</createdTime>
<ownerDesignName>Banco_dados_Fintech</ownerDesignName>
<engineerTo>
<item key="1D24138C-E482-C865-D0B2-DC5AA35C4E91" value="true"/>
</engineerTo>
<pk>true</pk>
<usedAttributes>
<attributeRef>142FB7FC-925E-C3A7-11C9-744C0755A5EE</attributeRef>
</usedAttributes>
</identifier>
</identifiers>
</Entity>