<?xml version = '1.0' encoding = 'UTF-8'?>
<Entity class="oracle.dbtools.crest.model.design.logical.Entity" directorySegmentName="seg_0" id="BFCE6FC2-8C77-3810-1172-EAF5F99A69AD" name="T_SUPORTE">
<createdBy>filipesimoes</createdBy>
<createdTime>2023-05-23 22:10:00 UTC</createdTime>
<ownerDesignName>Banco_dados_Fintech</ownerDesignName>
<engineerTo>
<item key="1D24138C-E482-C865-D0B2-DC5AA35C4E91" value="true"/>
</engineerTo>
<adequatelyNormalized>NO</adequatelyNormalized>
<expectedVolumes>0</expectedVolumes>
<fwdEngineeringStrategyName>Single Table</fwdEngineeringStrategyName>
<growthPercent>0</growthPercent>
<growthType>Year</growthType>
<maxVolumes>9999999</maxVolumes>
<minVolumes>0</minVolumes>
<normalForm>Third</normalForm>
<attributes itemClass="oracle.dbtools.crest.model.design.logical.Attribute">
<Attribute name="cd_sup" id="7911B2D9-67B4-B0DF-8DE5-387932B0EE40">
<createdBy>filipesimoes</createdBy>
<createdTime>2023-05-23 22:10:18 UTC</createdTime>
<ownerDesignName>Banco_dados_Fintech</ownerDesignName>
<engineerTo>
<item key="1D24138C-E482-C865-D0B2-DC5AA35C4E91" value="true"/>
</engineerTo>
<useDomainConstraints>false</useDomainConstraints>
<use>1</use>
<logicalDatatype>LOGDT019</logicalDatatype>
<ownDataTypeParameters>,,</ownDataTypeParameters>
</Attribute>
<Attribute name="ds_mensagem" id="F56CEFA9-3D8D-4DBB-5CD6-28EB3FF549F9">
<createdBy>filipesimoes</createdBy>
<createdTime>2023-05-23 22:10:26 UTC</createdTime>
<ownerDesignName>Banco_dados_Fintech</ownerDesignName>
<engineerTo>
<item key="1D24138C-E482-C865-D0B2-DC5AA35C4E91" value="true"/>
</engineerTo>
<useDomainConstraints>false</useDomainConstraints>
<use>1</use>
<logicalDatatype>LOGDT024</logicalDatatype>
<dataTypeSize>1000</dataTypeSize>
<ownDataTypeParameters>1000,,</ownDataTypeParameters>
</Attribute>
<Attribute name="sts_suporte" id="686040F5-AE15-A3BD-5009-12D24C4EE09F">
<createdBy>filipesimoes</createdBy>
<createdTime>2023-05-23 23:03:50 UTC</createdTime>
<ownerDesignName>Banco_dados_Fintech</ownerDesignName>
<engineerTo>
<item key="1D24138C-E482-C865-D0B2-DC5AA35C4E91" value="true"/>
</engineerTo>
<useDomainConstraints>false</useDomainConstraints>
<use>1</use>
<logicalDatatype>LOGDT024</logicalDatatype>
<dataTypeSize>20</dataTypeSize>
<ownDataTypeParameters>20,,</ownDataTypeParameters>
</Attribute>
</attributes>
<identifiers itemClass="oracle.dbtools.crest.model.design.logical.CandidateKey">
<identifier id="785DD163-9C57-169B-EF59-D9F9C36F5392" name="T_SUPORTE PK">
<createdBy>filipesimoes</createdBy>
<createdTime>2023-05-23 22:10:25 UTC</createdTime>
<ownerDesignName>Banco_dados_Fintech</ownerDesignName>
<engineerTo>
<item key="1D24138C-E482-C865-D0B2-DC5AA35C4E91" value="true"/>
</engineerTo>
<pk>true</pk>
<usedAttributes>
<attributeRef>7911B2D9-67B4-B0DF-8DE5-387932B0EE40</attributeRef>
</usedAttributes>
</identifier>
</identifiers>
</Entity>