<?xml version = '1.0' encoding = 'UTF-8'?>
<Entity class="oracle.dbtools.crest.model.design.logical.Entity" directorySegmentName="seg_0" id="FED1A155-6B77-7D64-A04F-04461B090B7A" name="T_INVESTIMENTO">
<createdBy>filipesimoes</createdBy>
<createdTime>2023-05-23 21:58:45 UTC</createdTime>
<ownerDesignName>Banco_dados_Fintech</ownerDesignName>
<engineerTo>
<item key="1D24138C-E482-C865-D0B2-DC5AA35C4E91" value="true"/>
</engineerTo>
<adequatelyNormalized>NO</adequatelyNormalized>
<expectedVolumes>0</expectedVolumes>
<fwdEngineeringStrategyName>Single Table</fwdEngineeringStrategyName>
<growthPercent>0</growthPercent>
<growthType>Year</growthType>
<maxVolumes>9999999</maxVolumes>
<minVolumes>0</minVolumes>
<normalForm>Third</normalForm>
<attributes itemClass="oracle.dbtools.crest.model.design.logical.Attribute">
<Attribute name="cd_investimento" id="DA2FFE39-A9CC-F1F9-6240-FDCC7AAAF280">
<createdBy>filipesimoes</createdBy>
<createdTime>2023-05-23 21:58:58 UTC</createdTime>
<ownerDesignName>Banco_dados_Fintech</ownerDesignName>
<engineerTo>
<item key="1D24138C-E482-C865-D0B2-DC5AA35C4E91" value="true"/>
</engineerTo>
<useDomainConstraints>false</useDomainConstraints>
<use>1</use>
<logicalDatatype>LOGDT019</logicalDatatype>
<ownDataTypeParameters>,,</ownDataTypeParameters>
</Attribute>
<Attribute name="cd_tipo_investimento" id="4982550F-44A0-168F-3BAC-6A177644A39C">
<createdBy>filipesimoes</createdBy>
<createdTime>2023-05-23 22:24:47 UTC</createdTime>
<generatorID>214AC055-BFA0-A653-032B-850F7B040F16</generatorID>
<ownerDesignName>Banco_dados_Fintech</ownerDesignName>
<engineerTo>
<item key="1D24138C-E482-C865-D0B2-DC5AA35C4E91" value="true"/>
</engineerTo>
<referedAttribute>4F800BE4-7259-EEEB-0488-892C2DD63DA5</referedAttribute>
<useDomainConstraints>false</useDomainConstraints>
<use>1</use>
<logicalDatatype>LOGDT019</logicalDatatype>
<ownDataTypeParameters>,,</ownDataTypeParameters>
</Attribute>
<Attribute name="ds_investimento" id="BC04FB50-7C33-64B7-79EC-1432913E99E5">
<createdBy>filipesimoes</createdBy>
<createdTime>2023-05-23 22:04:00 UTC</createdTime>
<ownerDesignName>Banco_dados_Fintech</ownerDesignName>
<engineerTo>
<item key="1D24138C-E482-C865-D0B2-DC5AA35C4E91" value="true"/>
</engineerTo>
<useDomainConstraints>false</useDomainConstraints>
<use>1</use>
<logicalDatatype>LOGDT024</logicalDatatype>
<dataTypeSize>100</dataTypeSize>
<ownDataTypeParameters>100,,</ownDataTypeParameters>
</Attribute>
<Attribute name="cd_carteira" id="0021F209-BD4C-A58F-484A-97CAE7503912">
<createdBy>filipesimoes</createdBy>
<createdTime>2023-05-23 23:17:36 UTC</createdTime>
<generatorID>B172B2A6-EA0C-419F-6746-6F875CB8BD6B</generatorID>
<ownerDesignName>Banco_dados_Fintech</ownerDesignName>
<engineerTo>
<item key="1D24138C-E482-C865-D0B2-DC5AA35C4E91" value="true"/>
</engineerTo>
<referedAttribute>142FB7FC-925E-C3A7-11C9-744C0755A5EE</referedAttribute>
<useDomainConstraints>false</useDomainConstraints>
<use>1</use>
<logicalDatatype>LOGDT019</logicalDatatype>
<ownDataTypeParameters>,,</ownDataTypeParameters>
</Attribute>
</attributes>
<identifiers itemClass="oracle.dbtools.crest.model.design.logical.CandidateKey">
<identifier id="7A8DDE95-4821-399B-8E2E-53FA1EABA31E" name="T_INVESTIMENTO PK">
<createdBy>filipesimoes</createdBy>
<createdTime>2023-05-23 22:00:12 UTC</createdTime>
<ownerDesignName>Banco_dados_Fintech</ownerDesignName>
<engineerTo>
<item key="1D24138C-E482-C865-D0B2-DC5AA35C4E91" value="true"/>
</engineerTo>
<pk>true</pk>
<usedAttributes>
<attributeRef>DA2FFE39-A9CC-F1F9-6240-FDCC7AAAF280</attributeRef>
<attributeRef>4982550F-44A0-168F-3BAC-6A177644A39C</attributeRef>
</usedAttributes>
</identifier>
</identifiers>
</Entity>