<?xml version = '1.0' encoding = 'UTF-8'?>
<Diagram class="oracle.dbtools.crest.swingui.logical.DPVLogical" name="Logical" id="0CBD2C14-270E-B118-69AB-F66B87D303EF">
<createdBy>filipesimoes</createdBy>
<modifiedBy>filipesimoes</modifiedBy>
<createdTime>2023-05-23 21:45:43 UTC</createdTime>
<autoRoute>false</autoRoute>
<boxInbox>true</boxInbox>
<showLegend>false</showLegend>
<showLabels>false</showLabels>
<showRelAttributes>false</showRelAttributes>
<gridEnabled>false</gridEnabled>
<showGrid>false</showGrid>
<diagramColor>-1</diagramColor>
<display>false</display>
<notation>2</notation>
<objectViews>
<OView class="oracle.dbtools.crest.swingui.logical.TVEntity" oid="0B96296E-DC34-1C30-DDCA-9B25FE021CB1" otype="Entity" vid="113B7BD5-C990-223F-524C-34FA3FDB2709">
<hideElementsInCurrentOnly>false</hideElementsInCurrentOnly>
<bounds x="515" y="528" width="273" height="91"/>
</OView>
<OView class="oracle.dbtools.crest.swingui.logical.TVEntity" oid="389C81A5-B71A-3BB0-D91A-3C9EAD38C00C" otype="Entity" vid="FEC986C0-C9F0-0828-63EF-A61808EACC44">
<hideElementsInCurrentOnly>false</hideElementsInCurrentOnly>
<bounds x="536" y="41" width="259" height="79"/>
</OView>
<OView class="oracle.dbtools.crest.swingui.logical.TVEntity" oid="4329D673-6E36-0398-FE86-DA0D16A07607" otype="Entity" vid="A551B172-E406-FA67-EDAA-2E250DBEA8A5">
<hideElementsInCurrentOnly>false</hideElementsInCurrentOnly>
<bounds x="280" y="195" width="170" height="192"/>
</OView>
<OView class="oracle.dbtools.crest.swingui.logical.TVEntity" oid="86C84E25-5F31-23F4-ECCB-3B42F798F907" otype="Entity" vid="EC44D23F-45EC-4A81-4682-128D8B38E07A">
<hideElementsInCurrentOnly>false</hideElementsInCurrentOnly>
<bounds x="867" y="197" width="266" height="124"/>
</OView>
<OView class="oracle.dbtools.crest.swingui.logical.TVEntity" oid="955E2BB4-76EA-AFA2-6077-6A4E58CE5668" otype="Entity" vid="B25C52CB-3619-46D5-3A1F-369E3A91E92F">
<hideElementsInCurrentOnly>false</hideElementsInCurrentOnly>
<bounds x="566" y="207" width="170" height="93"/>
</OView>
<OView class="oracle.dbtools.crest.swingui.logical.TVEntity" oid="BFCE6FC2-8C77-3810-1172-EAF5F99A69AD" otype="Entity" vid="7C2E7C0A-514F-77C6-09F2-1B085BEA6E6E">
<hideElementsInCurrentOnly>false</hideElementsInCurrentOnly>
<bounds x="874" y="39" width="228" height="84"/>
</OView>
<OView class="oracle.dbtools.crest.swingui.logical.TVEntity" oid="FED1A155-6B77-7D64-A04F-04461B090B7A" otype="Entity" vid="23EE48EE-65A2-803F-E2DC-7C36D16BD556">
<hideElementsInCurrentOnly>false</hideElementsInCurrentOnly>
<bounds x="502" y="367" width="326" height="99"/>
</OView>
</objectViews>
<connectors>
<Connector class="oracle.dbtools.crest.swingui.logical.TVRelation" oid="0D9EDEA2-6F42-058B-0861-D5A8758DB1FA" otype="Relation" vid_source="B25C52CB-3619-46D5-3A1F-369E3A91E92F" vid_target="FEC986C0-C9F0-0828-63EF-A61808EACC44">
<hideElementsInCurrentOnly>false</hideElementsInCurrentOnly>
<backgroundColor>-16777216</backgroundColor>
<lineWidth>1</lineWidth>
<points>
<point x="666" y="207"/>
<point x="666" y="120"/>
</points>
</Connector>
<Connector class="oracle.dbtools.crest.swingui.logical.TVRelation" oid="214AC055-BFA0-A653-032B-850F7B040F16" otype="Relation" vid_source="113B7BD5-C990-223F-524C-34FA3FDB2709" vid_target="23EE48EE-65A2-803F-E2DC-7C36D16BD556">
<hideElementsInCurrentOnly>false</hideElementsInCurrentOnly>
<backgroundColor>-16777216</backgroundColor>
<lineWidth>1</lineWidth>
<points>
<point x="666" y="528"/>
<point x="666" y="466"/>
</points>
</Connector>
<Connector class="oracle.dbtools.crest.swingui.logical.TVRelation" oid="75319280-B1C1-D90C-FE83-B0204E3453B3" otype="Relation" vid_source="A551B172-E406-FA67-EDAA-2E250DBEA8A5" vid_target="B25C52CB-3619-46D5-3A1F-369E3A91E92F">
<hideElementsInCurrentOnly>false</hideElementsInCurrentOnly>
<backgroundColor>-16777216</backgroundColor>
<lineWidth>1</lineWidth>
<points>
<point x="450" y="253"/>
<point x="566" y="253"/>
</points>
</Connector>
<Connector class="oracle.dbtools.crest.swingui.logical.TVRelation" oid="B172B2A6-EA0C-419F-6746-6F875CB8BD6B" otype="Relation" vid_source="B25C52CB-3619-46D5-3A1F-369E3A91E92F" vid_target="23EE48EE-65A2-803F-E2DC-7C36D16BD556">
<hideElementsInCurrentOnly>false</hideElementsInCurrentOnly>
<backgroundColor>-16777216</backgroundColor>
<lineWidth>1</lineWidth>
<points>
<point x="666" y="300"/>
<point x="666" y="367"/>
</points>
</Connector>
<Connector class="oracle.dbtools.crest.swingui.logical.TVRelation" oid="DDF5E621-C82A-133F-7307-DD50AED5885D" otype="Relation" vid_source="B25C52CB-3619-46D5-3A1F-369E3A91E92F" vid_target="EC44D23F-45EC-4A81-4682-128D8B38E07A">
<hideElementsInCurrentOnly>false</hideElementsInCurrentOnly>
<backgroundColor>-16777216</backgroundColor>
<lineWidth>1</lineWidth>
<points>
<point x="736" y="253"/>
<point x="867" y="253"/>
</points>
</Connector>
<Connector class="oracle.dbtools.crest.swingui.logical.TVRelation" oid="DED7AB58-1DDF-93CA-AE65-869C7088BD04" otype="Relation" vid_source="7C2E7C0A-514F-77C6-09F2-1B085BEA6E6E" vid_target="FEC986C0-C9F0-0828-63EF-A61808EACC44">
<hideElementsInCurrentOnly>false</hideElementsInCurrentOnly>
<backgroundColor>-16777216</backgroundColor>
<lineWidth>1</lineWidth>
<points>
<point x="874" y="80"/>
<point x="795" y="80"/>
</points>
</Connector>
</connectors>
</Diagram>